metric,value
accuracy,0.7
precision_macro,0.6832298136645963
recall_macro,0.7000000000000001
f1_macro,0.6839945280437756
roc_auc_ovr,0.7866666666666667
ece,0.2968930335060761
