fold,accuracy,precision_macro,recall_macro,f1_macro,roc_auc_ovr,ece
1,0.7,0.7142857142857143,0.7000000000000001,0.6948744410044719,0.805,0.2968930335060759
2,0.7,0.7142857142857143,0.7000000000000001,0.6948744410044719,0.805,0.2968930335060762
