run_id,model,is_baseline,delta_macro_f1,macro_f1,delta_accuracy,accuracy,delta_auroc,auroc,delta_coverage,coverage,delta_precision,precision,delta_recall,recall
run_001,RandomForest,True,0.0,0.75,0.0,0.8,0.0,0.85,0.0,0.95,0.0,0.77,0.0,0.74
run_002,SVM,False,0.050000000000000044,0.8,0.050000000000000044,0.8500000000000001,0.030000000000000027,0.88,-0.020000000000000018,0.9299999999999999,0.050000000000000044,0.8200000000000001,0.050000000000000044,0.79
run_003,XGBoost,False,0.09999999999999998,0.85,0.09999999999999998,0.9,0.05999999999999994,0.9099999999999999,-0.040000000000000036,0.9099999999999999,0.09999999999999998,0.87,0.09999999999999998,0.84
run_004,LogisticRegression,False,0.15000000000000002,0.9,0.15000000000000002,0.9500000000000001,0.08999999999999997,0.94,-0.06000000000000005,0.8899999999999999,0.15000000000000002,0.92,0.15000000000000002,0.89
