{
  "macro_f1": 0.8,
  "accuracy": 0.8500000000000001,
  "auroc": 0.88,
  "coverage": 0.9299999999999999,
  "precision": 0.8200000000000001,
  "recall": 0.79
}