{
  "ece": 0.09999999999999999,
  "abstain_rate": 0.060000000000000005,
  "brier_score": 0.09000000000000001,
  "nll": 0.27
}