{
  "macro_f1": 0.9,
  "accuracy": 0.9500000000000001,
  "auroc": 0.94,
  "coverage": 0.8899999999999999,
  "precision": 0.92,
  "recall": 0.89
}