,query_index,query_id,library_index,distance,rank,lib_sample_id,lib_label,confidence,decision
0,0,Q_A_0,2,0.009428768937761678,1,A_2,A,0.5020581514860877,borderline
1,0,Q_A_0,4,0.0095067131178308,2,A_4,A,0.5000000000262972,borderline
2,0,Q_A_0,5,0.01026207670923962,3,A_5,A,0.4808950472695032,unknown
3,1,Q_A_1,2,0.009642819066643438,1,A_2,A,0.4964462330856344,unknown
4,1,Q_A_1,0,0.01009119798228697,2,A_0,A,0.4850880825910361,unknown
5,1,Q_A_1,1,0.010279499152170968,3,A_1,A,0.48047160257972304,unknown
6,2,Q_B_0,6,0.008594666897425385,1,B_0,B,0.5251927262061329,borderline
7,2,Q_B_0,8,0.008598982439980585,2,B_2,B,0.5250675450689454,borderline
8,2,Q_B_0,9,0.009034844813770593,3,B_3,B,0.5127246131844867,borderline
