{
  "macro_f1": 0.85,
  "accuracy": 0.9,
  "auroc": 0.9099999999999999,
  "coverage": 0.9099999999999999,
  "precision": 0.87,
  "recall": 0.84
}